<?xml version="1.0" encoding="UTF-8"?>
<project-private xmlns="http://www.netbeans.org/ns/project-private/1">
    <editor-bookmarks xmlns="http://www.netbeans.org/ns/editor-bookmarks/2" lastBookmarkId="0"/>
    <open-files xmlns="http://www.netbeans.org/ns/projectui-open-files/2">
        <group>
            <file>file:/C:/Users/fazee/Desktop/ProjectFinal-/src/backEnd/Employee.java</file>
            <file>file:/C:/Users/fazee/Desktop/ProjectFinal-/src/projectstart/EmployeeProfile.java</file>
            <file>file:/C:/Users/fazee/Desktop/ProjectFinal-/src/projectstart/LeaveApp.java</file>
            <file>file:/C:/Users/fazee/Desktop/ProjectFinal-/src/projectstart/EmployeeDashboard.java</file>
            <file>file:/C:/Users/fazee/Desktop/ProjectFinal-/src/projectstart/LoginForm.java</file>
            <file>file:/C:/Users/fazee/Desktop/ProjectFinal-/src/backEnd/Department.java</file>
            <file>file:/C:/Users/fazee/Desktop/ProjectFinal-/src/projectstart/NewPassword.java</file>
            <file>file:/C:/Users/fazee/Desktop/ProjectFinal-/src/backEnd/AdminOperations.java</file>
            <file>file:/C:/Users/fazee/Desktop/ProjectFinal-/src/projectstart/ApplyForLeave.java</file>
            <file>file:/C:/Users/fazee/Desktop/ProjectFinal-/src/projectstart/ViewDelEmployee.java</file>
            <file>file:/C:/Users/fazee/Desktop/ProjectFinal-/src/backEnd/Login.java</file>
            <file>file:/C:/Users/fazee/Desktop/ProjectFinal-/src/backEnd/DBConnection.java</file>
            <file>file:/C:/Users/fazee/Desktop/ProjectFinal-/src/projectstart/Messages.java</file>
            <file>file:/C:/Users/fazee/Desktop/ProjectFinal-/src/projectstart/EditProfile.java</file>
            <file>file:/C:/Users/fazee/Desktop/ProjectFinal-/src/backEnd/EmployeeOperations.java</file>
            <file>file:/C:/Users/fazee/Desktop/ProjectFinal-/src/projectstart/SuggestionsComplaints.java</file>
            <file>file:/C:/Users/fazee/Desktop/ProjectFinal-/src/projectstart/AddEmployee.java</file>
            <file>file:/C:/Users/fazee/Desktop/ProjectFinal-/src/projectstart/Complaints.java</file>
            <file>file:/C:/Users/fazee/Desktop/ProjectFinal-/src/backEnd/Designation.java</file>
            <file>file:/C:/Users/fazee/Desktop/ProjectFinal-/src/projectstart/EditEmployee.java</file>
            <file>file:/C:/Users/fazee/Desktop/ProjectFinal-/src/projectstart/AddAnnouncement.java</file>
            <file>file:/C:/Users/fazee/Desktop/ProjectFinal-/src/projectstart/Announcements.java</file>
            <file>file:/C:/Users/fazee/Desktop/ProjectFinal-/src/projectstart/ContactAdmin.java</file>
            <file>file:/C:/Users/fazee/Desktop/ProjectFinal-/src/backEnd/DepartmentDec.java</file>
            <file>file:/C:/Users/fazee/Desktop/ProjectFinal-/src/projectstart/Admin.java</file>
        </group>
    </open-files>
</project-private>
